{
    "find_phone": {
        "vanilla": "a4b11f0b-0cc1-4382-b95f-17a05fc41757.vanilla", 
        "ngram": true, 
        "added": "a4b11f0b-0cc1-4382-b95f-17a05fc41757.added", 
        "pruningThresholds": [], 
        "order": 3
    }, 
    "message": {
        "vanilla": "7b8db492-2107-47a4-a02a-460f54e8c967.vanilla", 
        "ngram": true, 
        "added": "7b8db492-2107-47a4-a02a-460f54e8c967.added", 
        "pruningThresholds": [], 
        "order": 3
    }, 
    "location": {
        "vanilla": "f9c1f0f3-2874-4bf4-bba2-e96b6fa32824.vanilla", 
        "ngram": true, 
        "added": "f9c1f0f3-2874-4bf4-bba2-e96b6fa32824.added", 
        "pruningThresholds": [], 
        "order": 3
    }, 
    "email": {
        "vanilla": "97d36824-58a0-403b-a72b-82d1a00098c2.vanilla", 
        "ngram": true, 
        "added": "97d36824-58a0-403b-a72b-82d1a00098c2.added", 
        "pruningThresholds": [], 
        "order": 3
    }
}