{
  "id" : "proj_xNXrKZewNov",
  "name" : "HelloSnips",
  "intents" : [ {
    "id" : "mengyuan:callPhone",
    "type" : "registry",
    "version" : "0.1.0",
    "language" : "en",
    "slots" : [ {
      "name" : "find_phone",
      "id" : "gOAFZ_xfT",
      "entityId" : "entity_3dd5rO3Y3ba",
      "missingQuestion" : "please include the word phone in query",
      "required" : true,
      "description" : "find phone by calling it"
    } ],
    "name" : "callPhone",
    "enabledByDefault" : true
  }, {
    "id" : "mengyuan:sendSMS",
    "type" : "registry",
    "version" : "0.7.0",
    "language" : "en",
    "slots" : [ {
      "name" : "message",
      "id" : "3L-JcdVyc",
      "entityId" : "entity_YWZlwb2dodM",
      "missingQuestion" : "",
      "required" : false
    } ],
    "name" : "sendSMS",
    "enabledByDefault" : true
  }, {
    "id" : "mengyuan:sendEmail",
    "type" : "registry",
    "version" : "0.2.0",
    "language" : "en",
    "slots" : [ {
      "name" : "email",
      "id" : "sjYqkuJUP",
      "entityId" : "entity_YWvoMn1NlM6",
      "missingQuestion" : "",
      "required" : false
    } ],
    "name" : "sendEmail",
    "enabledByDefault" : true
  }, {
    "id" : "mengyuan:tellLocation",
    "type" : "registry",
    "version" : "0.2.0",
    "language" : "en",
    "slots" : [ {
      "name" : "location",
      "id" : "DNFfaAZLE",
      "entityId" : "entity_e0BQeo8GWeD",
      "missingQuestion" : "",
      "required" : false
    } ],
    "name" : "tellLocation",
    "enabledByDefault" : true
  } ],
  "createdAt" : "2019-09-28T20:49:20.178Z",
  "language" : "en",
  "version" : {
    "nluModel" : "0.19.7"
  },
  "platform" : {
    "type" : "raspberrypi"
  },
  "asr" : {
    "type" : "snips"
  },
  "analyticsEnabled" : false,
  "heartbeatEnabled" : false,
  "hotword" : "hey_snips"
}