{
  "config": {
    "ignore_stop_words": true,
    "max_pattern_length": 1000,
    "max_queries": 500,
    "unit_name": "deterministic_intent_parser"
  },
  "group_names_to_slot_names": {
    "group0": "email",
    "group1": "find_phone",
    "group2": "location",
    "group3": "message"
  },
  "language_code": "en",
  "patterns": {
    "mengyuan:callPhone": [
      "^\\s*i\\s*need\\s*(?P<group1>%FIND_PHONE%)\\s*call\\s*right\\s*away\\s*$",
      "^\\s*i\\s*need\\s*(?P<group1>%FIND_PHONE%)\\s*call\\s*immediately\\s*$",
      "^\\s*give\\s*call\\s*on\\s*(?P<group1>%FIND_PHONE%)\\s*$",
      "^\\s*(?P<group1>%FIND_PHONE%)\\s*$",
      "^\\s*i\\s*need\\s*find\\s*(?P<group1>%FIND_PHONE%)\\s*$",
      "^\\s*i\\s*need\\s*(?P<group1>%FIND_PHONE%)\\s*call\\s*it\\s*$",
      "^\\s*find\\s*(?P<group1>%FIND_PHONE%)\\s*$",
      "^\\s*i\\s*need\\s*(?P<group1>%FIND_PHONE%)\\s*$",
      "^\\s*where\\s*is\\s*(?P<group1>%FIND_PHONE%)\\s*$",
      "^\\s*i\\s*cant\\s*find\\s*(?P<group1>%FIND_PHONE%)\\s*anywhere\\s*$",
      "^\\s*(?P<group1>%FIND_PHONE%)\\s*is\\s*missing\\s*$",
      "^\\s*i\\s*need\\s*(?P<group1>%FIND_PHONE%)\\s*call\\s*$",
      "^\\s*i\\s*lost\\s*(?P<group1>%FIND_PHONE%)\\s*call\\s*$",
      "^\\s*i\\s*lost\\s*(?P<group1>%FIND_PHONE%)\\s*give\\s*call\\s*$",
      "^\\s*i\\s*misplaced\\s*(?P<group1>%FIND_PHONE%)\\s*$",
      "^\\s*i\\s*m\\s*missing\\s*(?P<group1>%FIND_PHONE%)\\s*$",
      "^\\s*call\\s*(?P<group1>%FIND_PHONE%)\\s*$",
      "^\\s*help\\s*locate\\s*(?P<group1>%FIND_PHONE%)\\s*$",
      "^\\s*help\\s*find\\s*(?P<group1>%FIND_PHONE%)\\s*$",
      "^\\s*i\\s*t\\s*find\\s*(?P<group1>%FIND_PHONE%)\\s*$",
      "^\\s*locate\\s*(?P<group1>%FIND_PHONE%)\\s*$",
      "^\\s*lost\\s*(?P<group1>%FIND_PHONE%)\\s*$",
      "^\\s*i\\s*lost\\s*(?P<group1>%FIND_PHONE%)\\s*$",
      "^\\s*where\\s*s\\s*(?P<group1>%FIND_PHONE%)\\s*$"
    ],
    "mengyuan:sendEmail": [
      "^\\s*send\\s*(?P<group0>%EMAIL%)\\s*friends\\s*$",
      "^\\s*send\\s*(?P<group0>%EMAIL%)\\s*boss\\s*$",
      "^\\s*open\\s*(?P<group0>%EMAIL%)\\s*application\\s*$",
      "^\\s*open\\s*(?P<group0>%EMAIL%)\\s*$",
      "^\\s*give\\s*(?P<group0>%EMAIL%)\\s*$",
      "^\\s*send\\s*(?P<group0>%EMAIL%)\\s*$",
      "^\\s*show\\s*(?P<group0>%EMAIL%)\\s*$",
      "^\\s*send\\s*(?P<group0>%EMAIL%)\\s*others\\s*$",
      "^\\s*(?P<group0>%EMAIL%)\\s*sent\\s*others\\s*$",
      "^\\s*where\\s*is\\s*(?P<group0>%EMAIL%)\\s*$",
      "^\\s*(?P<group0>%EMAIL%)\\s*$"
    ],
    "mengyuan:sendSMS": [
      "^\\s*show\\s*short\\s*(?P<group3>%MESSAGE%)\\s*$",
      "^\\s*send\\s*short\\s*(?P<group3>%MESSAGE%)\\s*$",
      "^\\s*text\\s*(?P<group3>%MESSAGE%)\\s*$",
      "^\\s*short\\s*(?P<group3>%MESSAGE%)\\s*$",
      "^\\s*send\\s*text\\s*(?P<group3>%MESSAGE%)\\s*$",
      "^\\s*show\\s*(?P<group3>%MESSAGE%)\\s*$",
      "^\\s*where\\s*is\\s*(?P<group3>%MESSAGE%)\\s*$",
      "^\\s*(?P<group3>%MESSAGE%)\\s*$",
      "^\\s*send\\s*(?P<group3>%MESSAGE%)\\s*$",
      "^\\s*text\\s*(?P<group3>%MESSAGE%)\\s*suman\\s*$",
      "^\\s*send\\s*(?P<group3>%MESSAGE%)\\s*suman\\s*$"
    ],
    "mengyuan:tellLocation": [
      "^\\s*point\\s*(?P<group2>%LOCATION%)\\s*currently\\s*$",
      "^\\s*could\\s*tell\\s*current\\s*(?P<group2>%LOCATION%)\\s*$",
      "^\\s*what\\s*is\\s*(?P<group2>%LOCATION%)\\s*$",
      "^\\s*pop\\s*up\\s*(?P<group2>%LOCATION%)\\s*$",
      "^\\s*show\\s*(?P<group2>%LOCATION%)\\s*$",
      "^\\s*set\\s*(?P<group2>%LOCATION%)\\s*$",
      "^\\s*report\\s*(?P<group2>%LOCATION%)\\s*suman\\s*$",
      "^\\s*tell\\s*(?P<group2>%LOCATION%)\\s*$",
      "^\\s*tell\\s*current\\s*(?P<group2>%LOCATION%)\\s*$",
      "^\\s*current\\s*(?P<group2>%LOCATION%)\\s*$",
      "^\\s*report\\s*(?P<group2>%LOCATION%)\\s*$",
      "^\\s*what\\s*s\\s*(?P<group2>%LOCATION%)\\s*$"
    ]
  },
  "slot_names_to_entities": {
    "mengyuan:callPhone": {
      "find_phone": "find_phone"
    },
    "mengyuan:sendEmail": {
      "email": "email"
    },
    "mengyuan:sendSMS": {
      "message": "message"
    },
    "mengyuan:tellLocation": {
      "location": "location"
    }
  },
  "stop_words_whitelist": {}
}